{
    "description": "Home Thermal Model Parameters",
    "C_thermal": 10990.947355401582,
    "UA_overall": 895.2765127683833,
    "K_solar": 2000.0,
    "Q_int": 8337.098302908624,
    "H_factor": 8646.264472706573,
    "raw_params": [
        10990.947355401582,
        895.2765127683833,
        2000.0,
        8337.098302908624,
        8646.264472706573
    ]
}