{
    "description": "Home Thermal Model Parameters",
    "C_thermal": 4889.971698384603,
    "UA_overall": 220.85287862583067,
    "K_solar": 971.9302723269533,
    "Q_int": 1734.110094466543,
    "H_factor": 10000.0,
    "raw_params": [
        4889.971698384603,
        220.85287862583067,
        971.9302723269533,
        1734.110094466543,
        10000.0
    ]
}