{
    "description": "Home Thermal Model Parameters",
    "C_thermal": 4205.742083690787,
    "UA_overall": 189.386375140536,
    "K_solar": 835.8492862699268,
    "Q_int": 1485.2324599861356,
    "H_factor": 9999.999979305285,
    "raw_params": [
        4205.742083690787,
        189.386375140536,
        835.8492862699268,
        1485.2324599861356,
        9999.999979305285,
        0.5
    ],
    "efficiency_derate": 0.5
}