{
    "description": "Home Thermal Model Parameters",
    "C_thermal": 4205.742083690787,
    "UA_overall": 320.0,
    "K_solar": 835.8492862699268,
    "Q_int": 1485.2324599861356,
    "H_factor": 9999.917061396874,
    "raw_params": [
        4205.742083690787,
        320.0,
        835.8492862699268,
        1485.2324599861356,
        9999.917061396874,
        1.0
    ],
    "efficiency_derate": 1.0
}