{
    "description": "Home Thermal Model Parameters",
    "C_thermal": 4892.870160807333,
    "UA_overall": 220.72786607574605,
    "K_solar": 970.6309012122009,
    "Q_int": 1733.236978806892,
    "H_factor": 10000.0
}